id,nombre,telefono,email,genero,fecha_registro,estado,dui
1,Héctor Mario Méndez Ortiz,503-7639-7415,hector.mendez0@outlook.com,M,2024-01-15,inactivo,10321616-5
2,Gabriela Verónica Cruz Romero,503-6170-7591,gabriela.cruz1@hotmail.com,F,2024-01-17,activo,10918360-7
3,Diego Sergio Díaz López,503-7743-5854,diego.diaz2@hotmail.com,M,2024-01-19,activo,11359549-4
4,Mariana Elena Ramos Gómez,503-6648-1511,mariana.ramos3@yahoo.com,F,2024-01-21,activo,11537534-1
5,Pedro Ricardo Ramírez Sánchez,503-7518-7857,pedro.ramirez4@hotmail.com,M,2024-01-23,activo,11706731-6
6,Daniela Patricia Flores Medina,503-6260-5659,daniela.flores5@outlook.com,F,2024-01-25,activo,12900704-6
7,Carlos Francisco Rodríguez Díaz,503-7729-9334,carlos.rodriguez6@gmail.com,M,2024-01-27,activo,13344385-1
8,Patricia Claudia Cruz Sánchez,503-6999-9646,patricia.cruz7@hotmail.com,F,2024-01-29,activo,13626459-4
9,Carlos Alberto Ramos Hernández,503-6886-9279,carlos.ramos8@yahoo.com,M,2024-01-31,activo,14389874-7
10,Lucia Verónica Gutiérrez Herrera,503-7865-2175,lucia.gutierrez9@outlook.com,F,2024-02-02,activo,14591222-1
11,Andrés Pedro Romero Sánchez,503-7775-4192,andres.romero10@hotmail.com,M,2024-02-04,inactivo,14639073-6
12,Silvia Carmen Ramírez Jiménez,503-6065-1455,silvia.ramirez11@hotmail.com,F,2024-02-06,activo,14756165-3
13,Guillermo Pablo Pérez Sánchez,503-7998-6917,guillermo.perez12@yahoo.com,M,2024-02-08,activo,15086131-7
14,Alicia Beatriz Cruz Ortiz,503-7022-4974,alicia.cruz13@gmail.com,F,2024-02-10,activo,15201339-8
15,Alberto Carlos Ruiz Méndez,503-7711-1111,alberto.ruiz14@yahoo.com,M,2024-02-12,activo,15315547-4
16,Lucia Diana Ortiz Morales,503-6005-2863,lucia.ortiz15@outlook.com,F,2024-02-14,activo,15946112-2
17,Jorge Daniel Pérez González,503-7319-7057,jorge.perez16@yahoo.com,M,2024-02-16,activo,16573458-9
18,Rosa Laura Ramírez Hernández,503-7598-3872,rosa.ramirez17@yahoo.com,F,2024-02-18,activo,16788445-7
19,Raúl Jorge Méndez Rivera,503-6910-1051,raul.mendez18@hotmail.com,M,2024-02-20,activo,16986399-7
20,Mónica Sandra Ramos Torres,503-7341-6808,monica.ramos19@outlook.com,F,2024-02-22,activo,17052965-8
21,Fernando Rafael Jiménez Ruiz,503-7982-2663,fernando.jimenez20@yahoo.com,M,2024-02-24,inactivo,17296238-6
22,Cristina María Vega Torres,503-6761-6824,cristina.vega21@yahoo.com,F,2024-02-26,activo,17386934-6
23,Ricardo José Gómez Ortiz,503-6615-5162,ricardo.gomez22@yahoo.com,M,2024-02-28,activo,17438101-2
24,Gabriela Cristina Rodríguez Ramos,503-6828-5928,gabriela.rodriguez23@hotmail.com,F,2024-03-01,activo,17564115-3
25,Roberto Alejandro Jiménez Martínez,503-6168-5243,roberto.jimenez24@outlook.com,M,2024-03-03,activo,17945228-8
26,Paola Valeria Rodríguez Herrera,503-6738-3754,paola.rodriguez25@yahoo.com,F,2024-03-05,activo,18052575-3
27,Ernesto Víctor Ruiz Martínez,503-6294-3520,ernesto.ruiz26@gmail.com,M,2024-03-07,activo,18098341-5
28,Cristina Beatriz Hernández Hernández,503-6509-4801,cristina.hernandez27@yahoo.com,F,2024-03-09,activo,18779688-0
29,Miguel Ernesto Gutiérrez Reyes,503-6270-1589,miguel.gutierrez28@hotmail.com,M,2024-03-11,activo,19179616-8
30,Isabel Alicia Gutiérrez Reyes,503-6388-7346,isabel.gutierrez29@outlook.com,F,2024-03-13,activo,19186189-0
31,Antonio Alejandro Gómez González,503-6950-2302,antonio.gomez30@hotmail.com,M,2024-03-15,inactivo,19222401-4
32,Patricia Elena Medina Sánchez,503-6143-1782,patricia.medina31@gmail.com,F,2024-03-17,activo,19312238-1
33,Oscar José López Vargas,503-7018-7266,oscar.lopez32@outlook.com,M,2024-03-19,activo,19552134-5
34,Claudia Beatriz Ramos Ramírez,503-7930-5345,claudia.ramos33@yahoo.com,F,2024-03-21,activo,20321913-5
35,Julio Luis Flores García,503-7584-4995,julio.flores34@gmail.com,M,2024-03-23,activo,20322788-4
36,Claudia Gloria Torres Gutiérrez,503-7831-9347,claudia.torres35@outlook.com,F,2024-03-25,activo,20324096-7
37,Roberto Sergio Morales García,503-7006-5359,roberto.morales36@yahoo.com,M,2024-03-27,activo,20549951-4
38,Mariana Valeria Pérez Reyes,503-7623-7397,mariana.perez37@gmail.com,F,2024-03-29,activo,20653080-0
39,Oscar Miguel Morales González,503-7639-4394,oscar.morales38@outlook.com,M,2024-03-31,activo,20795904-7
40,Carolina Paola García García,503-7630-3204,carolina.garcia39@hotmail.com,F,2024-04-02,activo,20929259-9
41,José José Herrera Díaz,503-6707-9934,jose.herrera40@hotmail.com,M,2024-04-04,inactivo,21151304-3
42,Adriana Sofía Méndez Flores,503-7219-5222,adriana.mendez41@outlook.com,F,2024-04-06,activo,21809593-2
43,Andrés Víctor Torres López,503-7905-3311,andres.torres42@outlook.com,M,2024-04-08,activo,22002257-3
44,Carolina Elena García Rodríguez,503-6408-9075,carolina.garcia43@yahoo.com,F,2024-04-10,activo,22156069-8
45,Ernesto Héctor Morales Silva,503-6366-5817,ernesto.morales44@hotmail.com,M,2024-04-12,activo,22269301-7
46,Daniela Teresa Ramos Gómez,503-7937-6946,daniela.ramos45@outlook.com,F,2024-04-14,activo,22324720-3
47,Pedro Mario Torres Pérez,503-6496-9333,pedro.torres46@outlook.com,M,2024-04-16,activo,22970821-1
48,Patricia Gabriela Torres Herrera,503-6821-1809,patricia.torres47@outlook.com,F,2024-04-18,activo,23084367-2
49,Héctor Julio Jiménez Morales,503-6542-1063,hector.jimenez48@hotmail.com,M,2024-04-20,activo,23184973-7
50,Alicia Mónica Romero Reyes,503-6358-5785,alicia.romero49@gmail.com,F,2024-04-22,activo,23420029-2
51,Fernando José Flores Romero,503-6325-6069,fernando.flores50@yahoo.com,M,2024-04-24,inactivo,23623501-3
52,Beatriz Gabriela García García,503-7337-8087,beatriz.garcia51@outlook.com,F,2024-04-26,activo,23646223-4
53,Manuel Carlos Romero González,503-7808-5545,manuel.romero52@outlook.com,M,2024-04-28,activo,24029139-9
54,Verónica Sandra Gómez Díaz,503-7554-5867,veronica.gomez53@gmail.com,F,2024-04-30,activo,24746478-0
55,Roberto Ricardo Méndez Gómez,503-7951-3425,roberto.mendez54@hotmail.com,M,2024-05-02,activo,24882900-4
56,Mariana Carolina Cruz Ortiz,503-6544-2491,mariana.cruz55@hotmail.com,F,2024-05-04,activo,24900468-2
57,Julio Alberto Herrera Ortiz,503-7785-1946,julio.herrera56@outlook.com,M,2024-05-06,activo,25041373-7
58,Rosa Mariana Gómez Sánchez,503-6239-6074,rosa.gomez57@yahoo.com,F,2024-05-08,activo,25062648-5
59,Manuel Sergio Gómez Cruz,503-6688-8155,manuel.gomez58@gmail.com,M,2024-05-10,activo,25184281-4
60,Valeria Ana Reyes Gutiérrez,503-7874-9445,valeria.reyes59@outlook.com,F,2024-05-12,activo,25357012-2
61,Eduardo Manuel Morales García,503-7785-1708,eduardo.morales60@gmail.com,M,2024-05-14,inactivo,25601827-4
62,Carmen Valeria Romero Silva,503-7040-9395,carmen.romero61@yahoo.com,F,2024-05-16,activo,25607944-8
63,José Víctor Herrera Romero,503-7696-4989,jose.herrera62@yahoo.com,M,2024-05-18,activo,26050993-3
64,Gabriela Carolina Ramos García,503-7702-3097,gabriela.ramos63@outlook.com,F,2024-05-20,activo,26123881-0
65,Antonio Oscar Pérez Ramos,503-7006-6040,antonio.perez64@yahoo.com,M,2024-05-22,activo,28132331-4
66,Daniela Verónica Díaz González,503-6359-4429,daniela.diaz65@outlook.com,F,2024-05-24,activo,28286934-7
67,Ernesto Miguel Gutiérrez Gómez,503-6489-6019,ernesto.gutierrez66@gmail.com,M,2024-05-26,activo,28301980-4
68,Elena Mariana González Vega,503-6537-6026,elena.gonzalez67@hotmail.com,F,2024-05-28,activo,28391660-8
69,Mario Oscar Ramos Morales,503-7250-2304,mario.ramos68@yahoo.com,M,2024-05-30,activo,28462653-7
70,Isabel Lucia Cruz Reyes,503-7724-2621,isabel.cruz69@outlook.com,F,2024-06-01,activo,28514506-6
71,Javier Miguel Ramos Méndez,503-7908-1077,javier.ramos70@gmail.com,M,2024-06-03,inactivo,29946415-3
72,Rosa María Sánchez Ortiz,503-7232-5356,rosa.sanchez71@hotmail.com,F,2024-06-05,activo,29961695-1
73,Roberto Julio Medina Medina,503-7969-6097,roberto.medina72@hotmail.com,M,2024-06-07,activo,30038800-2
74,Lucia Lucia Silva Ruiz,503-6710-5308,lucia.silva73@yahoo.com,F,2024-06-09,activo,30115726-6
75,Antonio Fernando Silva Ramírez,503-6377-2980,antonio.silva74@gmail.com,M,2024-06-11,activo,30322079-5
76,Alicia Laura Romero Flores,503-7088-7428,alicia.romero75@outlook.com,F,2024-06-13,activo,30423668-1
77,Javier Carlos Méndez Castro,503-6335-3364,javier.mendez76@hotmail.com,M,2024-06-15,activo,30795313-7
78,Sofía Lucia Flores Gutiérrez,503-7486-5982,sofia.flores77@yahoo.com,F,2024-06-17,activo,31876623-5
79,Roberto Héctor Méndez Herrera,503-7260-5345,roberto.mendez78@yahoo.com,M,2024-06-19,activo,31890797-5
80,María Cristina Jiménez Méndez,503-6922-7008,maria.jimenez79@yahoo.com,F,2024-06-21,activo,32719305-8
81,Guillermo Luis Morales Rodríguez,503-7985-3321,guillermo.morales80@hotmail.com,M,2024-06-23,inactivo,33227950-6
82,Patricia Paola Vargas Rodríguez,503-6911-2666,patricia.vargas81@gmail.com,F,2024-06-25,activo,33451273-8
83,Manuel Mario Flores Ramírez,503-6428-5948,manuel.flores82@yahoo.com,M,2024-06-27,activo,33476701-3
84,Lucia Mónica Méndez García,503-7758-8048,lucia.mendez83@yahoo.com,F,2024-06-29,activo,33766390-6
85,Alejandro Javier Torres Romero,503-6649-8986,alejandro.torres84@outlook.com,M,2024-07-01,activo,34154862-3
86,Silvia Natalia Ramos Vega,503-7822-3790,silvia.ramos85@outlook.com,F,2024-07-03,activo,34275156-1
87,Héctor Sergio Jiménez Castro,503-6566-6803,hector.jimenez86@gmail.com,M,2024-07-05,activo,34282343-4
88,Ana Diana Gutiérrez Gutiérrez,503-6709-5439,ana.gutierrez87@gmail.com,F,2024-07-07,activo,34423494-5
89,Daniel Carlos Ortiz Romero,503-6652-6821,daniel.ortiz88@gmail.com,M,2024-07-09,activo,34452872-8
90,Alicia Cristina Flores Reyes,503-6086-9114,alicia.flores89@gmail.com,F,2024-07-11,activo,34761208-7
91,Carlos Carlos Ortiz Hernández,503-7299-6541,carlos.ortiz90@gmail.com,M,2024-07-13,inactivo,34771587-5
92,Gloria María Díaz López,503-6173-3004,gloria.diaz91@hotmail.com,F,2024-07-15,activo,35170747-0
93,Pedro Oscar Gutiérrez Romero,503-7518-5245,pedro.gutierrez92@hotmail.com,M,2024-07-17,activo,35528382-6
94,Alicia Gloria Ramos Herrera,503-6560-1668,alicia.ramos93@hotmail.com,F,2024-07-19,activo,36634675-0
95,Miguel Francisco Vargas Ramos,503-6138-2715,miguel.vargas94@outlook.com,M,2024-07-21,activo,36676200-6
96,Cristina Claudia Silva Méndez,503-6733-5444,cristina.silva95@gmail.com,F,2024-07-23,activo,36679238-9
97,Sergio Luis Martínez Sánchez,503-7985-9655,sergio.martinez96@hotmail.com,M,2024-07-25,activo,38037532-6
98,Isabel Diana Silva Herrera,503-6138-3301,isabel.silva97@gmail.com,F,2024-07-27,activo,38218481-5
99,Francisco Rafael Herrera Ortiz,503-6753-2076,francisco.herrera98@yahoo.com,M,2024-07-29,activo,38451862-0
100,Sofía Teresa Reyes Díaz,503-7682-2279,sofia.reyes99@gmail.com,F,2024-07-31,activo,39058463-4
101,Roberto Enrique Jiménez Ramos,503-6904-5962,roberto.jimenez100@yahoo.com,M,2024-08-02,activo,39214258-6
102,Alicia Patricia Gutiérrez Medina,503-7830-3201,alicia.gutierrez101@gmail.com,F,2024-08-04,activo,39426842-1
103,José Alejandro Vega Gómez,503-6751-7143,jose.vega102@outlook.com,M,2024-08-06,activo,39483127-4
104,Daniela Sara Ortiz Sánchez,503-6939-4602,daniela.ortiz103@hotmail.com,F,2024-08-08,activo,39496288-8
105,Guillermo Mario Ruiz Medina,503-6145-9445,guillermo.ruiz104@yahoo.com,M,2024-08-10,inactivo,39771154-5
106,Carolina Verónica López Cruz,503-6710-9653,carolina.lopez105@gmail.com,F,2024-08-12,activo,39862412-1
107,Héctor Rafael Flores Rodríguez,503-6313-7912,hector.flores106@outlook.com,M,2024-08-14,activo,40140796-0
108,Rosa Elena Morales Jiménez,503-6310-2426,rosa.morales107@gmail.com,F,2024-08-16,activo,40167553-5
109,Julio Sergio Ramos Reyes,503-6418-1887,julio.ramos108@yahoo.com,M,2024-08-18,activo,40290777-0
110,Patricia Mariana Díaz Flores,503-6269-4308,patricia.diaz109@hotmail.com,F,2024-08-20,activo,40410311-3
111,Oscar Manuel Hernández Gómez,503-7338-2636,oscar.hernandez110@outlook.com,M,2024-08-22,inactivo,41075844-3
112,Lorena Cristina Silva Torres,503-6740-7708,lorena.silva111@hotmail.com,F,2024-08-24,activo,41226473-6
113,Ernesto Héctor Reyes Gutiérrez,503-6942-9933,ernesto.reyes112@gmail.com,M,2024-08-26,activo,41438822-6
114,Sandra Beatriz Rodríguez López,503-7943-4049,sandra.rodriguez113@yahoo.com,F,2024-08-28,activo,42134010-4
115,Manuel Mario García Ramos,503-6458-7794,manuel.garcia114@gmail.com,M,2024-08-30,activo,42181843-1
116,Mónica Elena Torres Rivera,503-6109-7703,monica.torres115@outlook.com,F,2024-09-01,activo,42873491-7
117,José Ricardo Vega González,503-7293-8209,jose.vega116@hotmail.com,M,2024-09-03,activo,42977465-4
118,Claudia Paola Pérez Cruz,503-6425-7184,claudia.perez117@gmail.com,F,2024-09-05,activo,43288655-3
119,Oscar Francisco Herrera Méndez,503-6279-3656,oscar.herrera118@yahoo.com,M,2024-09-07,activo,43650019-2
120,Ana Lucia Gómez Herrera,503-7317-3504,ana.gomez119@gmail.com,F,2024-09-09,activo,43987287-9
121,Ricardo Alberto Flores Vargas,503-7949-4231,ricardo.flores120@outlook.com,M,2024-09-11,inactivo,44126739-5
122,Valeria Teresa Ortiz Ruiz,503-7511-1655,valeria.ortiz121@gmail.com,F,2024-09-13,activo,44259067-8
123,Guillermo Julio Ramos Jiménez,503-6227-1232,guillermo.ramos122@gmail.com,M,2024-09-15,activo,44273467-9
124,Lucia Beatriz Ramírez García,503-6750-4893,lucia.ramirez123@outlook.com,F,2024-09-17,activo,44304154-2
125,Antonio Víctor Jiménez Pérez,503-6785-7561,antonio.jimenez124@yahoo.com,M,2024-09-19,activo,44699051-6
126,Yolanda Carmen Romero Díaz,503-6338-7969,yolanda.romero125@hotmail.com,F,2024-09-21,activo,44833561-4
127,Jorge Manuel Díaz Gómez,503-6067-7884,jorge.diaz126@outlook.com,M,2024-09-23,activo,45021229-3
128,Marta Patricia Silva González,503-7697-6074,marta.silva127@gmail.com,F,2024-09-25,activo,45293008-9
129,Roberto Andrés Ruiz Mendoza,503-7895-7877,roberto.ruiz128@hotmail.com,M,2024-09-27,activo,45763372-0
130,Laura Cristina Vega Díaz,503-7039-8999,laura.vega129@yahoo.com,F,2024-09-29,activo,46018394-6
131,Carlos Esteban Gómez Torres,503-6588-7303,carlos.gomez130@gmail.com,M,2024-10-01,inactivo,46193331-2
132,Sandra Elena Méndez Pérez,503-7126-2382,sandra.mendez131@outlook.com,F,2024-10-03,activo,46352680-3
133,Luis Oscar Rodríguez Cruz,503-6903-4466,luis.rodriguez132@hotmail.com,M,2024-10-05,activo,46399873-7
134,Ana Sofia Ramos Vega,503-6422-8133,ana.ramos133@gmail.com,F,2024-10-07,activo,46882455-9
135,Ernesto Alberto López Herrera,503-7244-7740,ernesto.lopez134@yahoo.com,M,2024-10-09,activo,47142263-6
136,Mónica Valeria García Morales,503-6429-6370,monica.garcia135@gmail.com,F,2024-10-11,activo,47168442-6
137,Javier Ricardo Vega Ramírez,503-6485-8064,javier.vega136@hotmail.com,M,2024-10-13,activo,47243659-6
138,Claudia Teresa Martínez Cruz,503-6284-2533,claudia.martinez137@outlook.com,F,2024-10-15,activo,47433281-5
139,Fernando Manuel Gutiérrez Reyes,503-6347-4846,fernando.gutierrez138@gmail.com,M,2024-10-17,activo,47773450-7
140,Silvia Gabriela Ramos Ortiz,503-6063-1305,silvia.ramos139@hotmail.com,F,2024-10-19,activo,47988477-9
141,Roberto Héctor Pérez Gutiérrez,503-7310-8838,roberto.perez140@yahoo.com,M,2024-10-21,inactivo,48213341-5
142,Yessenia Alejandra Hernández Herrera,503-6716-3662,yessenia.hernandez141@gmail.com,F,2024-10-23,activo,48371092-8
143,Carlos Enrique Díaz Romero,503-7403-5443,carlos.diaz142@outlook.com,M,2024-10-25,activo,48512923-7
144,Laura Patricia Ortiz Pérez,503-6038-7099,laura.ortiz143@hotmail.com,F,2024-10-27,activo,48626698-7
145,Diego Alejandro Jiménez Ramos,503-6982-6171,diego.jimenez144@hotmail.com,M,2024-10-29,activo,48839751-6
146,Lucia Trinidad García Vega,503-7925-9228,lucia.garcia145@yahoo.com,F,2024-10-31,activo,48974322-5
147,Oscar Vicente Morales Cruz,503-6176-5641,oscar.morales146@gmail.com,M,2024-11-02,activo,49118640-7
148,María Andrea Vega Sánchez,503-6762-4272,maria.vega147@outlook.com,F,2024-11-04,activo,49387154-4
149,José Antonio Castillo López,503-7618-9492,jose.castillo148@hotmail.com,M,2024-11-06,activo,49701033-1
150,Rosa Daniela Reyes Ramírez,503-7266-4652,rosa.reyes149@gmail.com,F,2024-11-08,activo,49822295-3
151,Claudia Verónica Castillo Vega,503-6359-7992,claudia.castillo150@hotmail.com,F,2024-11-10,activo,50133764-9
152,Ernesto Manuel Romero Díaz,503-7462-4968,ernesto.romero151@gmail.com,M,2024-11-12,activo,50163309-1
153,Paola Andrea Martínez Méndez,503-6412-2071,paola.martinez152@yahoo.com,F,2024-11-14,activo,50299316-4
154,Jorge Francisco Ortiz Gutiérrez,503-7448-7109,jorge.ortiz153@outlook.com,M,2024-11-16,inactivo,50488342-0
155,Yessenia Silvia Flores Hernández,503-7376-4905,yessenia.flores154@gmail.com,F,2024-11-18,activo,50664994-2
156,Carlos Rafael Morán Pérez,503-6758-3191,carlos.moran155@hotmail.com,M,2024-11-20,activo,50739488-7
157,Marta Elena Zamora Castillo,503-6140-7995,marta.zamora156@outlook.com,F,2024-11-22,activo,50986045-2
158,Julio Héctor Vásquez López,503-7978-4040,julio.vasquez157@yahoo.com,M,2024-11-24,activo,51226170-3
159,Raúl Francisco López Cruz,503-6582-7299,raul.lopez158@gmail.com,M,2024-11-26,activo,51532786-1
160,Verónica Elena Alvarado Ruiz,503-7378-3220,veronica.alvarado159@gmail.com,F,2024-11-28,activo,51658231-8
161,Sandra Beatriz Jiménez González,503-6792-4954,sandra.jimenez160@yahoo.com,F,2024-11-30,inactivo,51977334-0
162,Ricardo Antonio Díaz Romero,503-6610-6917,ricardo.diaz161@hotmail.com,M,2024-12-02,activo,52019883-9
163,Alejandra Patricia Vega Morales,503-7214-4612,alejandra.vega162@outlook.com,F,2024-12-04,activo,52154297-3
164,Ernesto José Ramírez García,503-6861-3828,ernesto.ramirez163@yahoo.com,M,2024-12-06,activo,52181144-7
165,Claudia Lourdes Portillo Méndez,503-7803-4250,claudia.portillo164@gmail.com,F,2024-12-08,activo,52327651-9
166,Jorge Alberto López Rivera,503-7102-1425,jorge.lopez165@outlook.com,M,2024-12-10,activo,52583906-4
167,Rosa Yamileth Gómez Herrera,503-7406-1558,rosa.gomez166@hotmail.com,F,2024-12-12,activo,52631477-8
168,Manuel Eduardo Salinas Díaz,503-6095-4289,manuel.salinas167@gmail.com,M,2024-12-14,activo,52899371-0
169,Lorena Daniela Rivas Castro,503-6150-7241,lorena.rivas168@yahoo.com,F,2024-12-16,activo,53012794-8
170,Carlos Alfredo Velásquez Ortiz,503-7990-2337,carlos.velasquez169@outlook.com,M,2024-12-18,activo,53077821-5
171,Mario Alejandro Sánchez Chávez,503-7922-6652,mario.sanchez170@hotmail.com,M,2024-12-20,activo,53299189-9
172,Sonia Gabriela Valle Pérez,503-6619-7933,sonia.valle171@gmail.com,F,2024-12-22,activo,53372496-5
173,Héctor Eduardo Romero Rivas,503-7384-5444,hector.romero172@yahoo.com,M,2024-12-24,activo,53412207-0
174,Pamela Elena Hernández Ortiz,503-7918-8033,pamela.hernandez173@gmail.com,F,2024-12-26,activo,53661231-9
175,Javier Ernesto Martínez López,503-6741-9625,javier.martinez174@hotmail.com,M,2024-12-28,activo,53673314-6
176,Ana Patricia Figueroa Fuentes,503-6066-7175,ana.figueroa175@outlook.com,F,2024-12-30,activo,53891106-4
177,Roberto Antonio Díaz Molina,503-7768-5302,roberto.diaz176@gmail.com,M,2025-01-01,activo,54094073-3
178,Cristina Raquel López Andrade,503-6995-2107,cristina.lopez177@hotmail.com,F,2025-01-03,activo,54231466-8
179,Hugo Leopoldo Torres Jiménez,503-6825-4082,hugo.torres178@yahoo.com,M,2025-01-05,activo,54453680-4
180,Yessica Paola García Delgado,503-7140-2026,yessica.garcia179@gmail.com,F,2025-01-07,inactivo,54537492-9
181,Edwin Mauricio Díaz Carranza,503-6308-1877,edwin.diaz180@outlook.com,M,2025-01-09,activo,54781063-5
182,Susana Beatriz Sánchez Gómez,503-6455-2668,susana.sanchez181@hotmail.com,F,2025-01-11,activo,54843751-7
183,Reynaldo Antonio López Romero,503-7396-5986,reynaldo.lopez182@gmail.com,M,2025-01-13,activo,55097004-3
184,Mariela Cristina Fuentes Salazar,503-7633-3416,mariela.fuentes183@yahoo.com,F,2025-01-15,activo,55388122-1
185,Guillermo Josué Castillo Ramos,503-6370-1272,guillermo.castillo184@gmail.com,M,2025-01-17,activo,55630110-9
186,Patricia Maritza Aguilar López,503-7203-8256,patricia.aguilar185@hotmail.com,F,2025-01-19,activo,55694728-8
187,Oscar Adolfo Galdámez Cruz,503-7170-9426,oscar.galdamez186@outlook.com,M,2025-01-21,activo,55783600-7
188,Sandra Noemí Reyes Castillo,503-6325-7141,sandra.reyes187@gmail.com,F,2025-01-23,activo,55832164-6
189,Wilson Ernesto Morán Díaz,503-7802-5518,wilson.moran188@hotmail.com,M,2025-01-25,activo,55955374-2
190,Luisa Fernanda Salazar Pérez,503-6681-4823,luisa.salazar189@gmail.com,F,2025-01-27,activo,56224517-8
191,Marcos Alberto Hernández Aguilar,503-6302-7958,marcos.hernandez190@yahoo.com,M,2025-01-29,activo,56537229-1
192,Claudia Maribel Miranda Díaz,503-6383-4401,claudia.miranda191@gmail.com,F,2025-01-31,activo,56781904-7
193,Erick José Pineda González,503-6582-9168,erick.pineda192@yahoo.com,M,2025-02-02,activo,56821196-3
194,Karla Ivonne Mena Cruz,503-6855-6269,karla.mena193@outlook.com,F,2025-02-04,activo,56894912-8
195,Reinaldo Javier Chacón Romero,503-7189-6367,reinaldo.chacon194@hotmail.com,M,2025-02-06,activo,56944491-7
196,Melissa Alejandra García Rivas,503-7530-7120,melissa.garcia195@yahoo.com,F,2025-02-08,activo,57034487-9
197,César Augusto López Ramírez,503-6914-9082,cesar.lopez196@gmail.com,M,2025-02-10,activo,57391536-4
198,Kimberly Estefany Torres Rivera,503-6527-3285,kimberly.torres197@outlook.com,F,2025-02-12,activo,57420209-0
199,Ronaldo Enrique Pérez Delgado,503-6018-7703,ronaldo.perez198@gmail.com,M,2025-02-14,activo,57572310-6
200,Alexandra Beatriz Hernández López,503-6075-1859,alexandra.hernandez199@hotmail.com,F,2025-02-16,activo,57784429-8
201,Douglas Francisco Monge Pérez,503-7862-9054,douglas.monge201@hotmail.com,M,2025-02-20,activo,41580617-0
202,Gabriela Lorena Castillo Guzmán,503-6207-8681,gabriela.castillo202@yahoo.com,F,2025-02-22,activo,41749933-5
203,Óscar Armando Arévalo Martínez,503-6518-9024,oscar.arevalo203@outlook.com,M,2025-02-24,activo,41860421-7
204,Sandra Elizabeth Ramos Mejía,503-6632-4810,sandra.ramos204@gmail.com,F,2025-02-26,activo,42009468-2
205,Daniel Ricardo Solís López,503-7806-9445,daniel.solis205@hotmail.com,M,2025-02-28,activo,42170544-1
206,Ana Sofía Alcántara Cruz,503-7919-6733,ana.alcantara206@yahoo.com,F,2025-03-02,activo,42300177-8
207,Eduardo Mauricio Galdámez Rivera,503-7471-7252,eduardo.galdamez207@outlook.com,M,2025-03-04,activo,42468791-6
208,Marisol del Carmen Beltrán López,503-6831-9630,marisol.beltran208@gmail.com,F,2025-03-06,activo,42650388-9
209,Kevin Alejandro Villalta Guzmán,503-7690-5770,kevin.villalta209@hotmail.com,M,2025-03-08,activo,42799401-5
210,Carolina Alejandra Arana Peña,503-7179-8593,carolina.arana210@yahoo.com,F,2025-03-10,activo,42920814-4
211,Pablo Enrique Ramírez López,503-7425-5126,pablo.ramirez211@outlook.com,M,2025-03-12,activo,43068752-3
212,Liliana Beatriz Tejada Herrera,503-6734-8006,liliana.tejada212@gmail.com,F,2025-03-14,activo,43184519-8
213,Mario René López Vásquez,503-6198-5021,mario.lopez213@hotmail.com,M,2025-03-16,activo,43360052-4
214,Sara Estefanía Mérida Cruz,503-6986-7282,sara.merida214@yahoo.com,F,2025-03-18,activo,43522760-9
215,Carlos Alberto Ventura Gómez,503-7461-6378,carlos.ventura215@outlook.com,M,2025-03-20,activo,43689013-2
216,Mónica Carolina Recinos Ramírez,503-6210-4976,monica.recinos216@gmail.com,F,2025-03-22,activo,43841006-8
217,Diego Mauricio Cubías Morales,503-7650-8126,diego.cubias217@hotmail.com,M,2025-03-24,activo,43951077-1
218,Claudia Alejandra Peña López,503-7420-9532,claudia.pena218@yahoo.com,F,2025-03-26,activo,44177406-4
219,René Alejandro Cortez Gutiérrez,503-6105-5677,rene.cortez219@outlook.com,M,2025-03-28,activo,44368219-7
220,Diana Carolina Carballo Molina,503-7365-8077,diana.carballo220@gmail.com,F,2025-03-30,activo,44500738-0
221,Juan Pablo Gutiérrez Ramos,503-7834-2628,juan.gutierrez221@yahoo.com,M,2025-04-01,activo,44683104-5
222,Fátima Marcela Bustamante Pineda,503-7102-3784,fatima.bustamante222@outlook.com,F,2025-04-03,activo,44799618-3
223,Óscar Roberto Maldonado Mendoza,503-6919-5809,oscar.maldonado223@gmail.com,M,2025-04-05,activo,44915876-9
224,Laura Cristina Recinos Guevara,503-6750-7664,laura.recinos224@hotmail.com,F,2025-04-07,activo,45099147-2
225,Rodrigo Alejandro Castro Jaco,503-7946-4543,rodrigo.castro225@outlook.com,M,2025-04-09,activo,45270861-6
226,María Fernanda Almendárez López,503-6907-3352,maria.almendarez226@gmail.com,F,2025-04-11,inactivo,45397004-9
227,Kevin David Magaña Coreas,503-7486-4693,kevin.magana227@hotmail.com,M,2025-04-13,activo,45511607-8
228,Alejandra Estefanía Ramos Alvarenga,503-7012-5907,alejandra.ramos228@yahoo.com,F,2025-04-15,activo,45678032-4
229,Dennis Alberto Alas Escobar,503-6305-4451,dennis.alas229@outlook.com,M,2025-04-17,activo,45800476-9
230,Karla María Avilés Montalvo,503-6156-8942,karla.aviles230@gmail.com,F,2025-04-19,activo,45977236-5
231,Roberto Armando Franco Molina,503-6479-9257,roberto.franco231@hotmail.com,M,2025-04-21,activo,46110985-0
232,Valeria Monserrat Rubio Carpio,503-7898-7540,valeria.rubio232@outlook.com,F,2025-04-23,activo,46296441-3
233,Luis Fernando Domínguez García,503-7011-9022,luis.dominguez233@gmail.com,M,2025-04-25,activo,46401852-1
234,Carolina Maribel Aguilera Jiménez,503-7219-7464,carolina.aguilera234@yahoo.com,F,2025-04-27,activo,46595420-6
235,Juan Diego Quintanilla Barrios,503-7849-4183,juan.quintanilla235@outlook.com,M,2025-04-29,activo,46756297-2
236,Katherine del Carmen López Aquino,503-7424-5488,katherine.lopez236@gmail.com,F,2025-05-01,activo,46893015-8
237,David Ernesto Cáceres Meléndez,503-6906-9831,david.caceres237@hotmail.com,M,2025-05-03,activo,47060237-1
238,Tatiana Beatriz Portillo Arévalo,503-6725-4421,tatiana.portillo238@yahoo.com,F,2025-05-05,activo,47193018-5
239,Carlos Esteban Beltrán Recinos,503-7529-6904,carlos.beltran239@outlook.com,M,2025-05-07,activo,47328760-2
240,María Celeste Campos Mejía,503-7348-7669,maria.campos240@gmail.com,F,2025-05-09,activo,47440599-7
241,Fernando Emilio Dueñas Ramos,503-6694-9902,fernando.duenas241@hotmail.com,M,2025-05-11,activo,47592268-3
242,José Eduardo Rodríguez Muñoz,503-6011-6280,jose.eduardo.rodriguez242@yahoo.com,M,2025-05-13,activo,80639863-7
243,Carolina Susana Mendoza Perdomo,503-7821-6905,carolina.mendoza243@outlook.com,F,2025-05-15,activo,80751192-4
244,Pablo Andrés Castillo Gonzáles,503-6450-7741,pablo.castillo244@gmail.com,M,2025-05-17,activo,80862977-1
245,Ernesto Javier Peña Campos,503-6900-5104,ernesto.pena245@yahoo.com,M,2025-05-19,activo,80977455-6
246,Sandra Lorena García Herrera,503-7211-8429,sandra.garcia246@outlook.com,F,2025-05-21,activo,81095167-3
247,Kevin Raúl Villacorta Rivas,503-6999-5770,kevin.villacorta247@gmail.com,M,2025-05-23,activo,81207490-9
248,María José Quiñones Alvarenga,503-6100-6279,maria.quinones248@hotmail.com,F,2025-05-25,inactivo,81326902-4
249,Carlos Fernando Ramírez Villalta,503-7704-6670,carlos.villalta249@yahoo.com,M,2025-05-27,activo,81459012-6
250,Yolanda Paola Cisneros Pérez,503-7982-9033,yolanda.cisneros250@outlook.com,F,2025-05-29,activo,81574066-2
251,Oscar Ernesto Castro Morán,503-6422-7256,oscar.castro251@gmail.com,M,2025-05-31,activo,81690855-7
252,Diana Carolina Sosa Navarro,503-7328-7704,diana.sosa252@hotmail.com,F,2025-06-02,activo,81804621-3
253,José Luis Mérida López,503-6531-9575,jose.merida253@yahoo.com,M,2025-06-04,activo,81911059-1
254,Gabriela Alejandra Peña Jiménez,503-6178-5993,gabriela.pena254@outlook.com,F,2025-06-06,activo,82053018-6
255,Ricardo Enrique Lazo Villalta,503-7030-9064,ricardo.lazo255@gmail.com,M,2025-06-08,activo,82166741-2
256,Irma Teresa Serrano Campos,503-7109-5583,irma.serrano256@yahoo.com,F,2025-06-10,activo,82299800-6
257,Héctor Adolfo Ramos Aguilar,503-6811-8705,hector.ramos257@outlook.com,M,2025-06-12,activo,82370591-7
258,Patricia Alejandra Cruz Lemus,503-6997-6234,patricia.cruz258@gmail.com,F,2025-06-14,activo,82511803-2
259,Juan Martín Castillo Aguilar,503-6166-7895,juan.castillo259@hotmail.com,M,2025-06-16,activo,82672955-8
260,Rosa Lorena Villanueva Méndez,503-7148-6655,rosa.villanueva260@outlook.com,F,2025-06-18,activo,82784129-4
261,Kevin Ernesto López Vásquez,503-6899-6386,kevin.lopez261@gmail.com,M,2025-06-20,activo,82897077-3
262,Carmen Elizabeth Castro Aguirre,503-7611-9164,carmen.castro262@yahoo.com,F,2025-06-22,activo,83044711-5
263,Miguel Fernando Arias Castillo,503-6875-6502,miguel.arias263@outlook.com,M,2025-06-24,activo,83160934-8
264,Laura Cristina Guardado Molina,503-6712-8471,laura.guardado264@gmail.com,F,2025-06-26,activo,83273460-6
265,Óscar Roberto Barrera Quintanilla,503-6907-4101,oscar.barrera265@outlook.com,M,2025-06-28,activo,83385042-9
266,Andrea Lorena Mejía Galdámez,503-7019-7583,andrea.mejia266@gmail.com,F,2025-06-30,activo,83504671-0
267,Carlos Manuel Paz Centeno,503-7804-9150,carlos.paz267@yahoo.com,M,2025-07-02,activo,83617759-9
268,Mónica del Carmen Argueta López,503-6990-7443,monica.argueta268@outlook.com,F,2025-07-04,activo,83720078-6
269,Julio César Zamora Rivera,503-6231-7769,julio.zamora269@gmail.com,M,2025-07-06,activo,83833551-4
270,Claudia Isabel Aguilar Chávez,503-6849-9091,claudia.aguilar270@hotmail.com,F,2025-07-08,activo,83949870-1
271,Erick Antonio Palacios Amaya,503-6110-5702,erick.palacios271@outlook.com,M,2025-07-10,activo,84067028-4
272,Celia Noemí Vásquez Gómez,503-7635-6644,celia.vasquez272@gmail.com,F,2025-07-12,activo,84173009-7
273,Pedro Israel Cardona Mejía,503-6904-9982,pedro.cardona273@yahoo.com,M,2025-07-14,activo,84310290-0
274,Ana Gabriela Chicas Bernal,503-6718-8401,ana.chicas274@outlook.com,F,2025-07-16,activo,84429972-8
275,Roberto Eduardo Turcios Molina,503-6986-7885,roberto.turcios275@gmail.com,M,2025-07-18,inactivo,84543710-7
276,Karla Yesenia Alvarado Torres,503-7921-7752,karla.alvarado276@outlook.com,F,2025-07-20,activo,84651492-3
277,David Alexander Cornejo Mejía,503-6377-9019,david.cornejo277@hotmail.com,M,2025-07-22,activo,84766401-9
278,Margarita Alejandra Castillo Herrera,503-7854-5586,margarita.castillo278@yahoo.com,F,2025-07-24,activo,84898214-6
279,Kevin Andrés López Acevedo,503-7201-6264,kevin.acevedo279@outlook.com,M,2025-07-26,activo,85017503-1
280,Marjorie Estefanía Contreras Aguilar,503-6837-7169,marjorie.contreras280@gmail.com,F,2025-07-28,activo,85147710-5
281,Rafael Alberto de Paz Reyes,503-6028-9040,rafael.paz281@yahoo.com,M,2025-07-30,activo,85299564-7
282,Sonia Beatriz Quintana Delgado,503-6190-5777,sonia.quintana282@outlook.com,F,2025-08-01,activo,85440327-2
283,Óscar Danilo López Pérez,503-6907-3044,oscar.lopez283@gmail.com,M,2025-08-03,activo,85597200-1
284,Mónica Verónica Ascencio Velásquez,503-7031-8400,monica.ascencio284@hotmail.com,F,2025-08-05,activo,85730679-9
285,Eduardo Santiago Benítez González,503-6522-7153,eduardo.benitez285@outlook.com,M,2025-08-07,activo,85842016-2
286,Cecilia Alejandra Molina Barrientos,503-6786-8411,cecilia.molina286@gmail.com,F,2025-08-09,activo,85966304-7
287,Julio César Zelaya Rodríguez,503-7028-4470,julio.zelaya287@yahoo.com,M,2025-08-11,activo,86090417-0
288,Andrea Sofía Rosales Chávez,503-7855-9961,andrea.rosales288@outlook.com,F,2025-08-13,activo,86201297-1
289,Francisco Javier Méndez Durán,503-6906-7178,francisco.mendez289@gmail.com,M,2025-08-15,activo,86338950-0
290,Laura Carolina Morán Cruz,503-7621-4717,laura.moran290@hotmail.com,F,2025-08-17,activo,86453106-5
291,Cristian Andrés Quintanilla Álvarez,503-6970-7271,cristian.quintanilla291@yahoo.com,M,2025-08-19,activo,86564992-9
292,Daniela Fabiola Mendoza Herrera,503-6784-2611,daniela.mendoza292@outlook.com,F,2025-08-21,activo,86688305-7
293,Luis Salvador Peña Aguilar,503-6905-7746,luis.pena293@gmail.com,M,2025-08-23,activo,86804921-5
294,Jessica Maribel Fuentes Barraza,503-6713-9174,jessica.fuentes294@hotmail.com,F,2025-08-25,activo,86931956-1
295,Edgar Francisco Salinas García,503-7450-6881,edgar.salinas295@yahoo.com,M,2025-08-27,activo,87055490-7
296,Claudia Elena Melara Campos,503-7643-9462,claudia.melara296@outlook.com,F,2025-08-29,inactivo,87170766-3
297,Diego Alejandro Valdez Pineda,503-6783-6670,diego.valdez297@gmail.com,M,2025-08-31,activo,87284591-0
298,Carolina Belén Álvarez Monterrosa,503-6931-5850,carolina.alvarez298@hotmail.com,F,2025-09-02,activo,87410119-8
299,Jonathan Raúl Flores Escobar,503-7810-5578,jonathan.flores299@yahoo.com,M,2025-09-04,activo,87520003-4
300,Karen Alejandra Hernández Méndez,503-7042-9100,karen.hernandez300@outlook.com,F,2025-09-06,activo,87666419-0
